"0","# remove white space in the state variable"
"0","ev_clean <- ev_clean %>%"
"0","  mutate(state = trimws(state))"
"0",""
"0","station_clean <- station_clean %>%"
"0","  mutate(state = trimws(state))"
"0",""
"0","# distinct states"
"0","distinct_state_station <- unique(station_clean$state)"
"0","distinct_state_ev <- unique(ev_clean$state)"
"0",""
"0","# print of distinct states"
"0","print(distinct_state_station)"
"1"," [1]"
"1"," ""CA"""
"1"," ""VT"""
"1"," ""WA"""
"1"," ""OR"""
"1"," ""IL"""
"1"," ""ID"""
"1"," ""NY"""
"1"," ""FL"""
"1"," ""WI"""
"1"," ""IA"""
"1"," ""AZ"""
"1"," ""MD"""
"1"," ""NJ"""
"1"," ""TX"""
"1"," ""SC"""
"1"," ""CT"""
"1"," ""OH"""
"1","
"
"1","[18]"
"1"," ""WV"""
"1"," ""MO"""
"1"," ""UT"""
"1"," ""KS"""
"1"," ""MA"""
"1"," ""CO"""
"1"," ""IN"""
"1"," ""MI"""
"1"," ""LA"""
"1"," ""MN"""
"1"," ""NC"""
"1"," ""NH"""
"1"," ""VA"""
"1"," ""TN"""
"1"," ""AL"""
"1"," ""GA"""
"1"," ""HI"""
"1","
"
"1","[35]"
"1"," ""NV"""
"1"," ""PA"""
"1"," ""AR"""
"1"," ""RI"""
"1"," ""OK"""
"1"," ""DC"""
"1"," ""ME"""
"1"," ""KY"""
"1"," ""NE"""
"1"," ""MS"""
"1"," ""SD"""
"1"," ""DE"""
"1"," ""NM"""
"1"," ""MT"""
"1"," ""ND"""
"1"," ""WY"""
"1"," ""AK"""
"1","
"
"1","[52]"
"1"," ""PR"""
"1"," ""KA"""
"1","
"
"0","print(distinct_state_ev)"
"1"," [1]"
"1"," ""WA"""
"1"," ""CA"""
"1"," ""CO"""
"1"," ""TX"""
"1"," ""OK"""
"1"," ""NJ"""
"1"," ""IN"""
"1"," ""AK"""
"1"," ""AZ"""
"1"," ""OR"""
"1"," ""RI"""
"1"," ""VA"""
"1"," ""TN"""
"1"," ""NY"""
"1"," ""MD"""
"1"," ""NC"""
"1"," ""FL"""
"1","
"
"1","[18]"
"1"," ""ID"""
"1"," ""UT"""
"1"," ""MO"""
"1"," ""AL"""
"1"," ""LA"""
"1"," ""IL"""
"1"," ""GA"""
"1"," ""NV"""
"1"," ""MI"""
"1"," ""HI"""
"1"," ""SC"""
"1"," ""CT"""
"1"," ""KY"""
"1"," ""PR"""
"1"," ""NE"""
"1"," ""AR"""
"1"," ""MT"""
"1","
"
"1","[35]"
"1"," ""NH"""
"1"," ""PA"""
"1"," ""NM"""
"1"," ""MA"""
"1"," ""MN"""
"1"," ""KS"""
"1"," ""OH"""
"1"," ""IA"""
"1"," ""WI"""
"1"," ""WY"""
"1","
"
"0","# list of state codes to keep"
"0","valid_state_codes <- c(""WA"", ""CA"", ""CO"", ""TX"", ""OK"", ""NJ"", ""IN"", ""AK"", ""AZ"", ""OR"", ""RI"", ""VA"", ""TN"", ""NY"", ""MD"", ""NC"", ""FL"", ""ID"", ""UT"", ""MO"", ""AL"", ""LA"", ""IL"", ""GA"", ""NV"", ""MI"", ""HI"", ""SC"", ""CT"", ""KY"", ""PR"", ""NE"", ""AR"", ""MT"", ""NH"", ""PA"", ""NM"", ""MA"", ""MN"", ""KS"", ""OH"", ""IA"", ""WI"", ""WY"")"
"0",""
"0","# filter the data frame to include only rows with state codes in the specified list"
"0","station_clean <- station_clean[station_clean$state %in% valid_state_codes, ]"
"0",""
"0","# final check to count the distinct states"
"0","length_state_station_clean <- length(unique(station_clean$state))"
"0","length_state_ev_clean <- length(unique(ev_clean$state))"
"0",""
"0","# Print or view the count of distinct states"
"0","print(length_state_station_clean)"
"1","[1]"
"1"," 44"
"1","
"
"0","print(length_state_ev_clean)"
"1","[1]"
"1"," 44"
"1","
"
