"0","# clean the column names"
"0","pop_17_24 <- clean_names(pop_17_24)"
"0",""
"0","# Renaming the columns by removing 'x'"
"0","names(pop_17_24) <- sub(""^x"", """", names(pop_17_24))"
"0",""
"0","# Check the names to verify"
"0","names(pop_17_24)"
"1"," [1]"
"1"," ""county"""
"1"," ""state"" "
"1"," ""2017""  "
"1"," ""2018""  "
"1"," ""2019""  "
"1"," ""2020""  "
"1"," ""2021""  "
"1"," ""2022""  "
"1"," ""2023""  "
"1","
"
"1","[10]"
"1"," ""2024""  "
"1","
"
"0","# Convert from wide to long format"
"0","pop_clean <- pop_17_24 %>%"
"0","  pivot_longer("
"0","    cols = `2017`:`2024`, "
"0","    names_to = ""year_month"", "
"0","    values_to = ""population"""
"0","  ) %>%"
"0","  # Ensure the 'year_month' column is correctly formatted"
"0","  mutate(year_month = paste0(year_month, ""-01"")) # Appending ""-01"" to make it a consistent year-month format"
"0",""
"0","# View the first few rows of the transformed data"
"0","head(pop_clean)"
