"0","# Ensure year_month is recognized as a Date"
"0","public_station$year_month <- as.Date(paste0(public_station$year_month, ""-01""))"
"0",""
"0","# Aggregate the data to get a running total of charging stations"
"0","treat_public <- public_station %>%"
"0","  dplyr::group_by(county, state) %>%"
"0","  dplyr::arrange(year_month) %>%"
"0","  dplyr::mutate(tally_of_the_charging_station = cumsum(!is.na(id))) %>%"
"0","  dplyr::select(county, state, year_month, tally_of_the_charging_station) %>%"
"0","  dplyr::ungroup()"
"0",""
"0","# Convert year_month back to ""YYYY-MM"" format for the final DataFrame"
"0","treat_public$year_month <- format(treat_public$year_month, ""%Y-%m"")"
"0",""
"0","# View the first few rows of the final aggregated data frame"
"0","head(treat_public)"
